{
  "architecture": [
    2,
    4,
    1
  ],
  "parameters": [
    0.12066172063350677,
    0.15767988562583923,
    0.049095239490270615,
    -0.8376405239105225,
    0.5405277013778687,
    0.18713028728961945,
    0.9571535587310791,
    -0.8733111619949341,
    0.031985774636268616,
    -0.44823920726776123,
    -0.7015235424041748,
    -0.083183154463768,
    0.34077203273773193,
    0.6016227602958679,
    0.5883073806762695,
    0.8387474417686462,
    0.24645383656024933
  ]
}